First Name,Last Name,Zip,DOB
Carl ,Jeepers,06927,10/4/1980
Little ,Maple,85601,01/10/1989
Terror,Streams,21023,09/20/1948
Diamond,Beeswax,14728,10/05/1977
Cliff,Morton,55945,06/30/1981
Billy,Truckload,43545,10/31/1965
Pills,McGhee,58366,01/26/1938
Riot,Flanders,31021,05/24/2002
Elfway,Sill,14807,08/04/1981
Oleander,Delopolis,08724,09/09/1933
Sigil,Steam,42334,06/21/1963
Gyro ,Fincakes,63380,12/26/1987
Don,Dumont,71273,01/24/1985
Josh,Yoerger,18087,12/16/1981
Bintonio,Hughes,93667,06/19/1958
Ezra,Ranchwaker,80919,08/06/1957
Gilligan,Pinenuts,54027,05/27/1997
Stephanie,Heresay,08340,08/19/1959
Trundel,Bishop,39705,06/20/1968
Slippy,Sharkfoot,72847,08/31/1964
Dalna,Peer,55933,01/05/1941
Filt,Najeer,62014,10/06/1962
Smith,Mittens,38114,02/14/1965
Anubis,Daska,43968,02/13/1956
Johnny,Carparts,02361,07/02/1986
Rockenroll,Dumont,83115,10/03/1954
Pline,Crease,07621,10/22/1978
Kim,O'Cean,68509,11/13/1944
Chelsea,Neath,85923,09/16/1980
Moses,Michum,77612,05/29/1989
Ivan,Boothby,19607,12/19/1948
Veronica,Seasoningsalt,91756,01/31/1972
Nasim,Quark,37367,11/14/1982
Richard,Neath,59927,11/05/1943
H.W.,Neath,84315,12/27/1943
Kajeima,Neiwart,23416,01/12/1960
Host,Dryer,40003,03/22/1981
Fleet,Tyson,20469,12/31/1942
Xanderson,Verile,39207,04/09/1971
Jason,Hawkcry,49839,03/12/1986
Intensereon,Mitchell-Lewis,15561,03/24/1970
Fear,O'Death,95032,12/03/1981
Tame,Toad,07934,01/06/1987
Lightship,Sails,28561,05/20/1997
Reader,Chips,33493,03/22/2001
Ontario,Detroit,48632,09/27/1946
China,Maine,45874,06/21/1972
Phillip,Barstool,83301,08/15/1973
Last,Pear,88043,09/08/1951
Midas,Argentum,22841,08/28/1960
Tearful,Jacobs,30477,01/29/1960
Gyre,Widening,42274,01/19/1976
Spiritus ,Mundi,06006,03/04/1946
Cambridge,Moon,48881,10/25/1935
Candy,Steel,46384,09/27/1989
Stone,Reapers,61313,09/01/1935
Georgia,Wine,15068,02/08/1995
Lavendar,Drinkwater,31773,11/28/1991
Lionel,Medusa,07924,12/08/1961
Autumn,Sweet,30336,10/11/1995
Shade,Shad,41257,03/24/1978
Cyprus,Curator,38603,01/04/1952
Olive,Crane,31635,06/27/1934
Pick,Ceramic,97454,01/10/1962
Leaf,White,75002,09/13/1950
Reese,Powhatan,54856,11/09/1953
Jiles,Kendrick,01866,07/29/1989
Baron,Screwtop,04579,05/16/1956
Field,Nelson,06506,11/18/1935
Neil,Harlem,44641,05/04/1981
Abra,Vines,55933,07/24/2001
Nosta,Perennial,39153,05/28/1936
Copper,Friday,37203,02/16/1948
Zim,Timpleton,64065,11/20/1994
Darren,Floodstone,15206,07/09/1936
Evening,Soilheart,11576,01/10/1943
Rose,Myers,24001,02/19/1969
Meager,Adams,27635,10/10/1974
Judy,Traunch,48888,03/19/1992
Theo,Waltz,20181,03/01/1962
Pedro,Tenor,98447,11/13/1968
Mocha,Wanderer,98620,08/17/1965
Meurte,Livingston,56208,12/08/1965
Paul,DeLuz,15240,11/21/1980
Aria,Halwight,16421,11/08/1982
Cleo,Titus,16647,10/20/1962
Lord,Meal,25811,01/12/2001
Dawn,Crepuscular,80108,02/24/1947
Teal ,Pharoah,23108,04/19/1995
Gale,Casper,38139,08/12/1977
Rolo,Olson,47633,10/26/1936
Blathan,Knight,55396,03/22/1940
Clorea,Sloan,15463,10/29/1938
Domasea,Stephens,06154,08/14/1945
Augustus,Ringwald,72136,02/12/1935
Sestina,Brightwale,52644,05/15/1991
Moria,Chimeakereisombelch,68624,02/10/1963
Nova,Trocious,32912,08/17/1988
Bedlam,Kind,42757,01/30/1981
Delia,Morning,90053,02/13/1975